First user source / medium,Landing page,Total users,% Δ,Add to carts,% Δ,Sessions,% Δ
google / organic,/bonus-casino,2836,-0.22386425834701698,4971,-0.17630488815244408,4473,-0.18331203213438013
google / organic,/top-cazino-online,615,0.06770833333333333,1957,0.10564971751412429,1056,0.056
google / organic,/casino-online,1043,0.17191011235955056,1938,-0.08195168166745619,1363,0.13205980066445183
google / organic,/bonus-fara-rulaj,935,-0.028066528066528068,1620,-0.1229020032485111,1387,-0.034122562674094706
google / organic,/bonus-fara-depunere-online,985,-0.07685098406747891,1464,-0.223342175066313,1584,-0.10508474576271186
google / organic,/rotiri-fara-depunere-online,611,0.00825082508250825,1274,-0.2644341801385681,1121,-0.005323868677905945
google / organic,(not set),1044,0.07407407407407407,1155,-0.20234806629834254,1646,-0.05238917674150835
google / organic,/rotiri-fara-depunere-pmax,615,0.04770017035775128,953,-0.28345864661654135,950,0.07832009080590238
google / organic,/,589,-0.18194444444444444,690,-0.4457831325301205,874,-0.2459016393442623
bing / organic,/bonus-casino,157,0.37719298245614036,370,0.8226600985221675,327,0.635
google / organic,/t/bonus-fara-depunere,328,2.313131313131313,246,5.473684210526316,413,2.7545454545454544
google / organic,/rotiri-fara-depunere-ex,115,-0.14814814814814814,218,-0.2899022801302932,147,-0.46153846153846156
google / organic,/blog/bilion-casino-bonus-fara-depunere,249,-0.0311284046692607,217,-0.026905829596412557,280,-0.02097902097902098
google / organic,/blog/zinx-casino-bonus-fara-depunere,773,1.8315018315018314,207,4.75,896,1.937704918032787
google / organic,/blog/promotii-superbet-fara-depunere,386,-0.18046709129511676,196,-0.24904214559386972,426,-0.18857142857142858
bing / organic,/casino-online,78,0.09859154929577464,193,-0.08530805687203792,127,0.3368421052631579
google / organic,/vipbet-casino,373,4.651515151515151,191,5.366666666666666,408,5
google / organic,/zinx-casino,291,1.2045454545454546,188,1.647887323943662,337,1.3732394366197183
google / organic,/cazinouri-noi-licentiate,211,-0.11715481171548117,184,-0.352112676056338,253,-0.209375
google / organic,/cazinouri-noi-cu-depunere,220,-0.004524886877828055,156,-0.30666666666666664,281,-0.05067567567567568
google / organic,/toate-bonusurile-fara-depunere,120,-0.25925925925925924,149,-0.4620938628158845,155,-0.3404255319148936
google / organic,/promotii-paste-casino,391,-0.432510885341074,131,-0.23837209302325582,452,-0.4846066134549601
google / organic,/top-bonus-bun-venit,190,,99,,224,
duckduckgo / organic,/bonus-casino,63,0.575,96,0.47692307692307695,111,0.819672131147541
google / organic,/blog/manhattan-casino-bonus-fara-depunere,107,-0.6192170818505338,85,2.269230769230769,125,-0.5928338762214984
duckduckgo / organic,(not set),53,0.4722222222222222,83,0.43103448275862066,72,0.46938775510204084
google / organic,/blog/winner-bonus-fara-depunere,141,-0.4854014598540146,82,-0.4142857142857143,144,-0.5339805825242718
google / organic,/blog/888-bonus-fara-depunere,162,-0.07954545454545454,77,0.06944444444444445,175,-0.06914893617021277
google / organic,/publicwin,58,-0.07936507936507936,68,1,61,-0.031746031746031744
google / organic,/777-casino,69,-0.15853658536585366,64,-0.1232876712328767,78,-0.04878048780487805
google / organic,/cazinouri-rulaj-mic-2026,95,0.7924528301886793,63,0.5365853658536586,119,0.803030303030303
google / organic,/freebet-fara-depunere,59,-0.1323529411764706,60,0.4634146341463415,83,-0.056818181818181816
google / organic,/blog/depunere-minima-10-lei,103,-0.13445378151260504,58,0.5263157894736842,110,-0.16030534351145037
bing / organic,(not set),58,0.4146341463414634,54,-0.20588235294117646,70,0.25
duckduckgo / organic,/casino-online,38,0.15151515151515152,52,-0.10344827586206896,66,0.43478260869565216
google / organic,/bonusuri-de-top,29,0.5263157894736842,50,0.5151515151515151,30,0.5
google / organic,/blog/betano-bonus-fara-depunere,86,-0.17307692307692307,49,-0.24615384615384617,94,-0.21666666666666667
google / organic,/top-oferte-cazinouri-romania-2026,60,0.36363636363636365,48,1.5263157894736843,69,0.3269230769230769
google / organic,/blog/bet7-bonus-fara-depunere,86,0.2647058823529412,43,0.2647058823529412,94,0.323943661971831
google / organic,/cod-bonus-casino,76,0.7674418604651163,41,0.28125,90,0.6363636363636364
google / organic,/don-casino,51,0.275,39,1.2941176470588236,54,0.3170731707317073
google / organic,/victory-bet,16,2.2,36,5,27,4.4
google / organic,/blog/maxbet-bonus-fara-depunere,37,-0.4126984126984127,34,-0.30612244897959184,38,-0.4647887323943662
google / organic,/blog/napoleon-games-bonus-fara-depunere,48,-0.09433962264150944,34,-0.34615384615384615,50,-0.13793103448275862
google / organic,/vlad-cazino,58,1.0714285714285714,34,0.7,61,1.1785714285714286
google / organic,/blog/bonusbet-casino-bonus-fara-depunere,101,0.9423076923076923,33,1.5384615384615385,104,0.8909090909090909
google / organic,/blog/top-aplicatii-casino,63,0.9090909090909091,33,0.7368421052631579,71,1.0285714285714285
qwant.com / organic,/bonus-casino,15,0.36363636363636365,33,-0.65625,25,-0.5370370370370371
google / organic,/blog/elite-slots-bonus-fara-depunere,102,0.04081632653061224,32,0.5238095238095238,110,0.0784313725490196
google / organic,/blog/oferta-bonus-fara-depunere-netbet,59,-0.572463768115942,32,-0.6666666666666666,73,-0.5408805031446541
google / organic,/t/300-rotiri-gratuite,52,6.428571428571429,32,4.333333333333333,56,6
google / organic,/blog/ultrabet-bonus-fara-depunere,74,0.4230769230769231,31,0.8235294117647058,78,0.4716981132075472
google / organic,/bonusbet-casino,26,-0.36585365853658536,31,0.03333333333333333,26,-0.43478260869565216
google / organic,/m-top-bonus-bun-venit,1,,28,,4,
google / organic,/million-casino,95,0.46153846153846156,26,0.4444444444444444,98,0.5076923076923077
google / organic,/blog/cazinouri-cu-retragere-rapida,48,0.11627906976744186,24,0.6,58,0.09433962264150944
google / organic,/manhattan-casino,61,-0.41346153846153844,24,-0.5932203389830508,63,-0.43243243243243246
google / organic,/blog/cazinouri-straine,89,0.2714285714285714,22,0.2222222222222222,101,0.18823529411764706
google / organic,/blog/betmen-bonus-fara-depunere,37,0.08823529411764706,21,-0.19230769230769232,43,0.023809523809523808
google / organic,/blog/lady-casino-bonus-fara-depunere,50,-0.12280701754385964,20,-0.6363636363636364,52,-0.2
yahoo / organic,(not set),4,0.3333333333333333,20,,4,0.3333333333333333
google / organic,/blog/cazinouri-paypal,23,0.045454545454545456,19,-0.17391304347826086,25,0.041666666666666664
google / organic,/t/500-rotiri-gratuite,63,2.15,19,1.7142857142857142,75,1.8846153846153846
google / organic,/blog/conticazino-bonus-fara-depunere,22,0.375,18,0.38461538461538464,26,0.5294117647058824
google / organic,/blog/mr-bit-app,10,0.42857142857142855,18,1.5714285714285714,11,0.1
google / organic,/blog/pariuriplus-bonus-fara-depunere,26,3.3333333333333335,17,16,29,3.8333333333333335
google / organic,/jocuri/pacanele-gratis,76,1.375,17,7.5,98,1.5789473684210527
google / organic,/sloturi-gratis,52,-0.10344827586206896,16,-0.058823529411764705,58,-0.01694915254237288
google / organic,/blog/gets-bet-bonus-fara-depunere,28,-0.0967741935483871,15,-0.16666666666666666,32,-0.1111111111111111
google / organic,/blog/manhattan-casino-bonus-de-bun-venit,43,0.22857142857142856,15,2.75,54,0.5
google / organic,/blog/king-casino-bonus-fara-depunere,35,0.75,14,2.5,40,0.9047619047619048
google / organic,/frank-casino,33,0.8333333333333334,14,6,36,0.8947368421052632
google / organic,/player-casino,24,1.1818181818181819,14,13,24,1.1818181818181819
google / organic,/blog/bonus-fara-depunere-las-vegas-casino,25,0.041666666666666664,13,-0.5666666666666667,31,0.14814814814814814
google / organic,/blog/joker-casino-bonus-fara-depunere,43,1.263157894736842,13,-0.13333333333333333,46,0.84
bing / organic,/bonusuri-de-top,1,0,12,-0.6,1,0
google / organic,/blog/cod-bonus-conti-casino,16,0.6,12,3,30,2
google / organic,/blog/cod-bonus-superbet,86,-0.25217391304347825,12,-0.4,97,-0.23015873015873015
google / organic,/blog/cod-promotional-cashpot,55,-0.5132743362831859,12,-0.3684210526315789,68,-0.48091603053435117
google / organic,/blog/promotii-unibet-fara-depunere,30,5,12,,31,5.2
google / organic,/t/400-rotiri-gratuite,25,0.19047619047619047,12,-0.3333333333333333,30,0.2
google / organic,/t/50-rotiri-gratuite,25,-0.45652173913043476,12,-0.4,27,-0.47058823529411764
bing / organic,/bonus-fara-depunere-online,4,0,11,10,5,0
google / organic,/betmen-casino,31,0.4090909090909091,11,2.6666666666666665,35,0.5909090909090909
google / organic,/blog/cod-bonus-vlad-cazino,42,-0.14285714285714285,11,0,43,-0.17307692307692307
google / organic,/blog/fortuna-palace-bonus-fara-depunere,66,0.43478260869565216,11,0.1,70,0.5217391304347826
google / organic,/oferte-limitate,26,7.666666666666667,11,1.2,29,0.9333333333333333
google / organic,/spin-casino,21,0.6153846153846154,11,10,22,0.6923076923076923
google / organic,/blog/abon,16,0.23076923076923078,10,2.3333333333333335,18,0.38461538461538464
google / organic,/blog/royal-slots-contact,6,0,10,,6,-0.14285714285714285
google / organic,/blog/toto-gaming-bonus-fara-depunere,17,0.5454545454545454,10,1.5,18,0.5
google / organic,/prima-casino,19,3.75,10,9,20,3
google / organic,/32rosu-casino,13,1.1666666666666667,9,1.25,16,1
google / organic,/blog/aplicatie-million-casino,20,0.25,9,-0.18181818181818182,21,0.23529411764705882
google / organic,/blog/bonus-aniversar-betano,47,1.7647058823529411,9,8,54,1.8421052631578947
google / organic,/blog/bonus-de-bun-venit-favbet,2,1,9,,2,1
google / organic,/blog/card-revolut-casino,37,1.6428571428571428,9,0,38,1.375
google / organic,/blog/inregistrare-prima-casino,14,13,9,,16,15
google / organic,/blog/vipbet-bonus-de-bun-venit,45,0.25,9,3.5,47,0.2702702702702703
google / organic,/bonus-de-bun-venit-casino,12,-0.5555555555555556,9,-0.7567567567567568,15,-0.53125
google / organic,/total-bet,21,-0.16,9,-0.3076923076923077,22,-0.12
yahoo / organic,/bonus-fara-rulaj,3,,9,,3,
google / organic,/bilion-casino,27,-0.03571428571428571,8,-0.2,27,-0.03571428571428571
google / organic,/blog/12xbet-bonus-fara-depunere,31,0.10714285714285714,8,1,32,0.03225806451612903
google / organic,/blog/agentii-betmen,60,4,8,,68,4.230769230769231
google / organic,/blog/cod-promotional-mr-bit,17,0.4166666666666667,8,3,17,0.3076923076923077
google / organic,/blog/fortuna-bonus-fara-depunere,13,0.8571428571428571,8,1,14,1
google / organic,/blog/sloturi-cu-rtp-mare,67,0.2641509433962264,8,7,81,0.1095890410958904
google / organic,/bonus-de-ziua-ta,25,2.125,8,1,28,2.5
bing / organic,/bonus-fara-rulaj,5,-0.2857142857142857,7,-0.65,5,-0.5454545454545454
google / organic,/blog/cod-bonus-maxbet,29,2.2222222222222223,7,6,37,2.7
google / organic,/blog/cod-bonus-royal-slots,32,-0.30434782608695654,7,-0.6818181818181818,33,-0.34
google / organic,/blog/fortuna-poker,9,0.8,7,1.3333333333333333,10,0.42857142857142855
google / organic,/blog/lucky-seven-bonus-fara-depunere,17,1.8333333333333333,7,-0.125,18,2
google / organic,/blog/prima-casino-bonus-fara-depunere,35,6,7,0.4,37,6.4
google / organic,/pacanelero-casino,2,-0.5,7,2.5,2,-0.6666666666666666
google / organic,/blog/bonus-fara-depunere-favbet,11,1.75,6,5,14,2.5
google / organic,/blog/cod-bonus-stanleybet,30,-0.09090909090909091,6,-0.3333333333333333,30,-0.14285714285714285
google / organic,/blog/cod-promotional-million-casino,43,0.04878048780487805,6,-0.4,51,0.21428571428571427
google / organic,/blog/fortuna-bonus-bun-venit,8,,6,,8,
google / organic,/blog/inregistrare-manhattan-casino,26,1.8888888888888888,6,5,28,1.5454545454545454
google / organic,/blog/luck-mobil,9,0.8,6,0.2,9,0.5
google / organic,/blog/verificare-cont-totalbet,1,,6,,1,
google / organic,/blog/winbet-bonus-fara-depunere,5,0,6,5,7,0.4
google / organic,/fortuna-casino,5,-0.2857142857142857,6,1,6,-0.25
google / organic,/t/100-rotiri-gratuite,12,0,6,1,12,0
bing / organic,/blog/fortuna-bonus-fara-depunere,2,1,5,4,6,5
bing / organic,/blog/promotii-superbet-fara-depunere,3,2,5,4,3,2
bing / organic,/cazinouri-rulaj-mic-2026,3,0.5,5,,3,0.5
google / organic,/blog/bonus-bun-venit-888-depunere,8,7,5,4,9,8
google / organic,/blog/ghid-verificare-identitate-casino,28,0,5,0.25,30,-0.03225806451612903
google / organic,/blog/hot-spins-bonus-fara-depunere,30,-0.14285714285714285,5,-0.5454545454545454,33,-0.21428571428571427
google / organic,/blog/royal-slots-bonus-fara-depunere,19,-0.40625,5,-0.7058823529411765,21,-0.4473684210526316
google / organic,/cashpot-casino,4,-0.7777777777777778,5,-0.8333333333333334,6,-0.76
google / organic,/conti-cazino,12,0.3333333333333333,5,1.5,12,0.3333333333333333
google / organic,/king-casino,6,2,5,,6,2
google / organic,/princess-casino,23,-0.28125,5,-0.5454545454545454,23,-0.28125
bing / organic,/blog/sloturi-superbet,9,0.8,4,3,11,1.2
duckduckgo / organic,/blog/promotii-superbet-fara-depunere,3,0.5,4,,3,0.5
google / organic,/blog/cod-bonus-win2-casino,14,-0.2222222222222222,4,0,14,-0.2222222222222222
google / organic,/blog/sloturi-superbet,33,1.75,4,-0.2,35,1.3333333333333333
google / organic,/blog/spin-casino-bonus-fara-depunere,6,-0.45454545454545453,4,-0.3333333333333333,7,-0.4166666666666667
google / organic,/blog/verificare-bilet-betmen,47,0.175,4,0,53,0.2619047619047619
google / organic,/blog/verificare-bilet-powerbet,44,0.023255813953488372,4,1,48,0.043478260869565216
google / organic,/bonus-casino-sm,5,0.25,4,3,7,0.75
google / organic,/bonus-vip,49,1.7222222222222223,4,3,52,1.8888888888888888
google / organic,/euromillions,7,0.75,4,,12,2
google / organic,/pariuri-sportive,7,-0.125,4,0.3333333333333333,8,0
google / organic,/poker-online,12,-0.5384615384615384,4,1,13,-0.5517241379310345
google / organic,/powerbet-casino,5,1.5,4,3,5,0
google / organic,/unibet-casino,3,-0.4,4,-0.3333333333333333,3,-0.5
google / organic,/viva-bet,7,-0.4166666666666667,4,-0.7333333333333333,7,-0.4166666666666667
yahoo / organic,/bonus-casino,4,3,4,,5,4
bing / organic,/blog/bonus-fara-depunere-las-vegas-casino,3,-0.25,3,-0.5,4,0
bing / organic,/blog/winner-bonus-fara-depunere,6,0,3,0,6,0
bing / organic,/rotiri-fara-depunere-pmax,1,0,3,2,1,0
bing / organic,/top-cazino-online,5,1.5,3,,6,1
duckduckgo / organic,/777-casino,1,,3,,1,
duckduckgo / organic,/blog/maxbet-bonus-fara-depunere,5,0.25,3,0.5,5,0
google / organic,/betano-casino,10,0.25,3,,11,0.375
google / organic,/blog/betano-contact,33,-0.2826086956521739,3,-0.7,34,-0.34615384615384615
google / organic,/blog/cod-bonus-netbet,18,1.25,3,2,20,1.5
google / organic,/blog/cum-deschizi-o-sala-de-jocuri-de-noroc,59,0.1568627450980392,3,2,69,0.1896551724137931
google / organic,/blog/don-casino-bonus-fara-depunere,2,-0.6,3,2,2,-0.6
google / organic,/blog/maxwin-bonus-fara-depunere,10,-0.3333333333333333,3,0,10,-0.4117647058823529
google / organic,/blog/million-casino-bonus-bun-venit,3,2,3,,3,2
google / organic,/blog/napoleon-games-roata-norocului,1,-0.5,3,,1,-0.5
google / organic,/blog/superbet-contact,54,-0.06896551724137931,3,2,60,-0.0625
google / organic,/blog/toto-gaming-app,16,-0.1111111111111111,3,0,18,-0.14285714285714285
google / organic,/blog/transfer-bancar,6,0,3,-0.25,7,0.16666666666666666
google / organic,/blog/vivabet-bonus-fara-depunere,9,0,3,-0.25,9,-0.1
google / organic,/blog/vlad-cazino-bonus-fara-depunere,10,2.3333333333333335,3,2,10,2.3333333333333335
google / organic,/blog/zinx-casino-bonus,31,0.34782608695652173,3,0.5,32,0.391304347826087
google / organic,/cele-mai-noi-cazinouri,5,-0.8148148148148148,3,-0.9,5,-0.8611111111111112
google / organic,/favbet-casino,5,4,3,,5,4
google / organic,/gads-lp-oferte-de-paste,4,-0.2,3,,4,-0.2
google / organic,/joc-slot/40-shining-crown-bell-link-demo,7,1.3333333333333333,3,,13,3.3333333333333335
google / organic,/joc-slot/moon-princess-power-of-love-gratis,1,0,3,,1,0
google / organic,/lady-casino,17,-0.46875,3,-0.7692307692307693,17,-0.5405405405405406
google / organic,/lucky-seven-casino,6,5,3,,6,5
google / organic,/paste-2026-ml,84,3.4210526315789473,3,,99,3.5
google / organic,/redsevens-casino,6,2,3,,6,2
google / organic,/seven-casino,9,-0.55,3,-0.5714285714285714,9,-0.55
bing / organic,/blog/agentii-superbet,25,7.333333333333333,2,,27,5.75
bing / organic,/blog/betano-bonus-fara-depunere,3,,2,,4,
bing / organic,/blog/winbet-bonus-fara-depunere,2,1,2,1,3,2
bing / organic,/bonus-vip,5,,2,,5,
bing / organic,/cazinouri-noi-cu-depunere,4,3,2,,5,4
bing / organic,/unibet-casino,1,,2,,1,
google / organic,/12xbet,8,-0.1111111111111111,2,,8,-0.3333333333333333
google / organic,/888-casino,6,0,2,1,6,0
google / organic,/admiralbet-casino,4,0.3333333333333333,2,,5,0.25
google / organic,/blog/bonus-publicwin-casino,4,0.3333333333333333,2,-0.3333333333333333,4,0.3333333333333333
google / organic,/blog/bonus-ziua-ta-toto-gaming,11,-0.3888888888888889,2,1,11,-0.45
google / organic,/blog/cazinouri-paysafecard,18,0.8,2,-0.5,18,0.6363636363636364
google / organic,/blog/cod-bonus-luck-casino,10,0,2,-0.6,11,0
google / organic,/blog/cont-bonusbet-casino,8,-0.38461538461538464,2,-0.75,8,-0.38461538461538464
google / organic,/blog/cont-king-casino,14,-0.125,2,-0.5,14,-0.125
google / organic,/blog/favbet-contact,6,0.2,2,1,8,0.3333333333333333
google / organic,/blog/inregistrare-win2-casino,4,3,2,,4,3
google / organic,/blog/las-vegas-contact,35,0,2,,43,0.16216216216216217
google / organic,/blog/million-casino-bonus-fara-depunere,2,-0.5,2,1,2,-0.5
google / organic,/blog/mr-bit-bonus-fara-depunere,15,0.07142857142857142,2,-0.6,16,-0.1111111111111111
google / organic,/blog/pacanelero-bonus-bun-venit,13,1.6,2,-0.3333333333333333,13,0.625
google / organic,/blog/pariuriplus-bonus-de-bun-venit,4,-0.2,2,,4,-0.2
google / organic,/blog/playgg-bonus-fara-depunere,5,0.25,2,,5,0.25
google / organic,/blog/prowin-bonus-fara-depunere,24,0,2,-0.6,27,0.038461538461538464
google / organic,/blog/totalbet-bonus-fara-depunere,13,0.4444444444444444,2,,13,0.4444444444444444
google / organic,/blog/verificare-cont-winmasters-cazino,4,0,2,1,4,-0.2
google / organic,/bonus-cashback,2,-0.3333333333333333,2,,2,-0.3333333333333333
google / organic,/depuneri-cazinouri-online-care-platesc,5,-0.5,2,,5,-0.5
google / organic,/joc-de-noroc-responsabil,4,-0.3333333333333333,2,-0.3333333333333333,4,-0.42857142857142855
google / organic,/joker-casino,12,3,2,,12,3
google / organic,/kino-grecia,12,-0.4,2,1,12,-0.45454545454545453
google / organic,/maxwin,4,-0.42857142857142855,2,0,4,-0.42857142857142855
google / organic,/napoleon-games,6,0.2,2,1,7,-0.125
google / organic,/netbet-casino,7,6,2,,8,3
google / organic,/producator/egt,28,-0.15151515151515152,2,-0.3333333333333333,43,-0.0851063829787234
google / organic,/recenzii-casino-online-romania,7,-0.46153846153846156,2,1,7,-0.46153846153846156
google / organic,/stanleybet,4,1,2,,4,1
google / organic,/t/200-rotiri-gratuite,6,0.5,2,,6,0.5
google / organic,/win2-casino,9,-0.5263157894736842,2,-0.6,9,-0.5263157894736842
qwant.com / organic,(not set),3,0.5,2,0,4,0
qwant.com / organic,/blog/promotii-superbet-fara-depunere,1,,2,,1,
qwant.com / organic,/blog/win2-bonus-fara-depunere,1,,2,,1,
qwant.com / organic,/casino-online,2,-0.6,2,-0.7142857142857143,3,-0.625
yahoo / organic,/top-cazino-online,1,,2,,1,
bing / organic,/,5,-0.2857142857142857,1,0,5,-0.2857142857142857
google / organic,/blog/jucatori-fotbal,24,0,1,,26,0.08333333333333333
bing / organic,/blog/888-bonus-fara-depunere,5,-0.16666666666666666,1,-0.5,5,-0.2857142857142857
bing / organic,/blog/admiralbet-bonus-fara-depunere,3,-0.4,1,-0.8333333333333334,3,-0.5714285714285714
bing / organic,/blog/bonusbet-casino-bonus-fara-depunere,1,0,1,-0.6666666666666666,1,0
bing / organic,/blog/cod-bonus-superbet,4,3,1,,5,4
bing / organic,/blog/cod-bonus-winbet,1,,1,,1,
bing / organic,/blog/elite-slots-bonus-fara-depunere,1,0,1,,1,0
bing / organic,/blog/fortuna-poker,2,1,1,,2,1
bing / organic,/blog/maxbet-bonus-fara-depunere,3,-0.5,1,-0.8,4,-0.3333333333333333
bing / organic,/blog/pacanelero-bonus-fara-depunere,2,0,1,0,3,0.5
bing / organic,/blog/player-casino-bonus-fara-depunere,2,,1,,2,
bing / organic,/blog/seven-casino-bonus-fara-depunere,1,,1,,1,
bing / organic,/blog/superbet-contact,4,-0.42857142857142855,1,,4,-0.5
bing / organic,/blog/totalbet-bonus-fara-depunere,1,,1,,1,
bing / organic,/blog/vivabet-bonus-fara-depunere,1,,1,,1,
bing / organic,/blog/winmasters-bonus-inregistrare,1,,1,,1,
bing / organic,/blog/zinx-casino-bonus-fara-depunere,4,0.3333333333333333,1,,4,0
bing / organic,/cashpot-casino,1,,1,,1,
bing / organic,/freebet-fara-depunere,1,,1,,1,
bing / organic,/rotiri-fara-depunere-ex,1,,1,,1,
duckduckgo / organic,/blog/12xbet-bonus-fara-depunere,2,1,1,0,2,1
duckduckgo / organic,/blog/bonus-fara-depunere-casa-pariurilor,1,,1,,1,
duckduckgo / organic,/blog/fortuna-bonus-fara-depunere,2,,1,,2,
duckduckgo / organic,/blog/zinx-casino-bonus-fara-depunere,2,,1,,3,
duckduckgo / organic,/bonusuri-de-top,1,0,1,,1,0
duckduckgo / organic,/top-oferte-cazinouri-romania-2026,1,,1,,1,
google / organic,/aplicatie-supercazino,1,,1,,2,
google / organic,/betfair-casino,8,-0.1111111111111111,1,-0.8571428571428571,9,-0.18181818181818182
google / organic,/blog/32rosu-casino-bonus-fara-depunere,2,0,1,-0.5,2,0
google / organic,/blog/888-casino-roata-norocului,2,-0.3333333333333333,1,0,2,-0.3333333333333333
google / organic,/blog/agentii-fortuna,181,3.3095238095238093,1,0,202,3.697674418604651
google / organic,/blog/agentii-winner,14,0.4,1,,17,0.7
google / organic,/blog/aplicatie-32rosu,4,1,1,-0.5,4,1
google / organic,/blog/aplicatie-fortuna,1,-0.5,1,,2,0
google / organic,/blog/betmen-contact,27,-0.34146341463414637,1,,34,-0.2916666666666667
google / organic,/blog/bonus-aniversar-vivabet,1,,1,,1,
google / organic,/blog/bonus-bun-venit-netbet-casino-exclusiv,8,0.6,1,-0.8571428571428571,9,0.2857142857142857
google / organic,/blog/bonus-de-bun-venit-napoleon-games,2,-0.8823529411764706,1,-0.9473684210526315,2,-0.9
google / organic,/blog/bonus-excelbet,2,1,1,,3,2
google / organic,/blog/bonus-fara-depunere-casa-pariurilor,3,-0.4,1,-0.5,3,-0.4
google / organic,/blog/bonus-fara-depunere-stanleybet,4,-0.3333333333333333,1,0,5,-0.16666666666666666
google / organic,/blog/bonusbet-casino-bonus-de-bun-venit,1,-0.875,1,-0.5,1,-0.875
google / organic,/blog/casa-pariurilor-mobile,3,-0.5,1,0,3,-0.625
google / organic,/blog/cazinouri-skrill,4,-0.2,1,,4,-0.2
google / organic,/blog/cazinouri-top-pay,5,4,1,,5,1.5
google / organic,/blog/cine-detine-winbet,7,1.3333333333333333,1,,8,1.6666666666666667
google / organic,/blog/cod-bonus-admiralbet,18,0,1,-0.75,18,0
google / organic,/blog/cod-bonus-unibet,1,-0.6666666666666666,1,,1,-0.6666666666666666
google / organic,/blog/cod-bonus-winmasters,8,-0.5,1,-0.75,10,-0.4117647058823529
google / organic,/blog/cod-promo-favbet,21,0,1,-0.9,24,0
google / organic,/blog/cod-promotional-prima-casino,12,0.2,1,-0.6666666666666666,14,0.4
google / organic,/blog/cont-12xbet,1,0,1,,1,0
google / organic,/blog/cont-32rosu-casino,1,,1,,1,
google / organic,/blog/cont-napoleon-games,5,0,1,,5,-0.2857142857142857
google / organic,/blog/cont-topbet,10,1.5,1,,10,1.5
google / organic,/blog/cum-sa-castigi-la-pacanele,23,0.6428571428571429,1,-0.6666666666666666,25,0.6666666666666666
google / organic,/blog/depunere-joker-casino-retragere,5,-0.2857142857142857,1,,5,-0.2857142857142857
google / organic,/blog/depunere-king-casino-retragere,1,0,1,,1,0
google / organic,/blog/depunere-mr-bit-retrageri,9,2,1,,10,2.3333333333333335
google / organic,/blog/depunere-retragere-prowin-casino,7,0.75,1,,8,1
google / organic,/blog/depunere-zinx-casino-retragere,5,1.5,1,,6,2
google / organic,/blog/elite-slots-cod-bonus,6,1,1,0,7,1.3333333333333333
google / organic,/blog/excelbet-mobil,1,,1,,1,
google / organic,/blog/frank-casino-bonus-fara-depunere,2,0,1,,3,0.5
google / organic,/blog/getsbet-agentii,44,0.6296296296296297,1,,50,0.6666666666666666
google / organic,/blog/ghid-inregistrare-winbet,2,,1,,2,
google / organic,/blog/ghid-superbet-inregistrare,2,-0.6666666666666666,1,-0.75,2,-0.7142857142857143
google / organic,/blog/inregistrare-bet7-casino,2,,1,,2,
google / organic,/blog/inregistrare-toto-gaming,1,0,1,,1,0
google / organic,/blog/inregistrare-victory-bet,6,,1,,6,
google / organic,/blog/joc-responsabil-mr-bit,11,0.1,1,,13,0.3
google / organic,/blog/joker-casino-bonus-de-bun-venit,1,-0.5,1,-0.5,1,-0.6666666666666666
google / organic,/blog/jucatori-de-poker-romani,14,0.4,1,,14,0.2727272727272727
yahoo / organic,/rotiri-fara-depunere-pmax,1,0,1,-0.5,1,0
google / organic,/blog/king-casino-bonus-bun-venit,3,0,1,,3,0
google / organic,/blog/las-vegas-loto,2,1,1,,2,1
google / organic,/blog/luck-contact,12,0.09090909090909091,1,,15,0.25
google / organic,/blog/lucky-six,29,0,1,0,32,0.03225806451612903
google / organic,/blog/magnumbet-bonus-fara-depunere,5,-0.6428571428571429,1,-0.75,5,-0.6666666666666666
google / organic,/blog/misiuni-betano,1,,1,,1,
google / organic,/blog/okto-cash,1,-0.8333333333333334,1,-0.6666666666666666,1,-0.8333333333333334
google / organic,/blog/one-casino-bonus-fara-depunere,10,0.1111111111111111,1,-0.6666666666666666,10,0.1111111111111111
google / organic,/blog/pacanele-cu-coroane-gratis,7,2.5,1,,9,3.5
google / organic,/blog/pokerstars-bonus-fara-depunere,21,-0.16,1,,25,-0.1935483870967742
google / organic,/blog/pokerstars-contact,5,-0.5,1,,7,-0.3
google / organic,/blog/powerbet-bonus-bun-venit,2,,1,,2,
google / organic,/blog/prima-casino-bonus-bun-venit,6,5,1,,6,5
google / organic,/blog/prima-casino-vip,3,0.5,1,,3,0.5
google / organic,/blog/princess-casino-bonus-bun-venit,3,,1,,4,
google / organic,/blog/princess-casino-bonus-fara-depunere,7,-0.4166666666666667,1,-0.75,7,-0.4166666666666667
google / organic,/blog/princess-casino-cod-bonus,3,2,1,,9,8
google / organic,/blog/program-agentii-pariuri-de-paste,84,1.7096774193548387,1,-0.5,93,1.8181818181818181
google / organic,/blog/program-agentii-pariuri-sarbatori,33,0.9411764705882353,1,,34,1
google / organic,/blog/promotii-fortuna-cu-premii,2,0,1,,2,0
google / organic,/blog/racheta-betano,1,-0.5,1,0,1,-0.5
google / organic,/blog/red-sevens-bonus-fara-depunere,7,0.16666666666666666,1,,7,0.16666666666666666
google / organic,/blog/reguli-activity,48,-0.3142857142857143,1,,58,-0.32558139534883723
google / organic,/blog/reguli-kings,259,0.5058139534883721,1,0,434,0.26900584795321636
google / organic,/blog/reguli-rentz,36,1.5714285714285714,1,,40,1.6666666666666667
google / organic,/blog/reguli-whist,104,1.8108108108108107,1,,126,1.5714285714285714
google / organic,/blog/roata-norocului-casino,4,0,1,-0.8333333333333334,4,0
google / organic,/blog/roata-norocului-royal-slots,2,,1,,2,
google / organic,/blog/roata-norocului-totogaming,2,1,1,,3,2
google / organic,/blog/royal-slots-bonus-bun-venit,3,,1,,3,
google / organic,/blog/spin-casino-contact,4,-0.6363636363636364,1,0,4,-0.6666666666666666
google / organic,/blog/tombola-online,3,,1,,3,
google / organic,/blog/totalbet-casino-bonus-de-bun-venit,4,,1,,4,
google / organic,/blog/toto-gaming-contact,2,,1,,2,
google / organic,/blog/verificare-bilet-betano,4,-0.5,1,,4,-0.5
google / organic,/blog/verificare-cont-don-casino,3,-0.4,1,,4,-0.3333333333333333
google / organic,/blog/verificare-cont-luck-casino,3,2,1,,5,4
google / organic,/blog/verificare-cont-stanleybet,2,0,1,0,2,-0.3333333333333333
google / organic,/blog/winmasters-bonus-inregistrare,4,-0.5,1,-0.8571428571428571,5,-0.4444444444444444
google / organic,/calendar-craciun-casino,1,,1,,1,
google / organic,/casa-pariurilor,3,-0.4,1,-0.8,3,-0.4
google / organic,/hot-spins-casino,3,2,1,-0.8,3,-0.8
google / organic,/joc-slot/100-lucky-hat-clover-chance-demo,1,0,1,,8,1
google / organic,/joc-slot/20-super-hot-bell-link-demo,1,0,1,,1,0
google / organic,/joc-slot/40-burning-hot-bell-link-demo,1,-0.75,1,,1,-0.75
google / organic,/joc-slot/40-super-hot,1,,1,,1,
google / organic,/joc-slot/book-of-ra-deluxe-gratis,2,-0.6,1,,62,11.4
google / organic,/joc-slot/burning-hot-gratis,1,-0.6666666666666666,1,,1,-0.6666666666666666
google / organic,/joc-slot/dice-roll-gratis,3,2,1,,3,2
google / organic,/joc-slot/gates-of-olympus-gratis,2,1,1,,2,1
google / organic,/joc-slot/lucky-lady-charm-deluxe-gratis,6,2,1,-0.5,9,1.25
google / organic,/las-vegas,5,0.25,1,-0.9285714285714286,5,0
google / organic,/loto-italia,8,-0.1111111111111111,1,,8,-0.2
google / organic,/loto-online,4,,1,,5,
google / organic,/metodologie-recenzii-casino,1,0,1,,1,0
google / organic,/mozzart-casino,5,0.25,1,-0.8,5,0
google / organic,/mr-bit-casino,8,-0.2727272727272727,1,-0.8,8,-0.2727272727272727
google / organic,/norvegia-loto,8,0.14285714285714285,1,-0.5,13,0.8571428571428571
google / organic,/termeni-si-conditii-casino-online,1,,1,,1,
google / organic,/toto-gaming,6,-0.875,1,-0.9333333333333333,7,-0.8571428571428571
google / organic,/winbet-casino,6,-0.45454545454545453,1,0,6,-0.45454545454545453
google / organic,/winboss-casino,5,-0.2857142857142857,1,-0.8,5,-0.2857142857142857
qwant.com / organic,/,1,,1,,1,
qwant.com / organic,/blog/bonus-fara-depunere-casa-pariurilor,1,,1,,1,
qwant.com / organic,/blog/ghid-verificare-identitate-casino,1,,1,,1,
qwant.com / organic,/blog/mr-bit-bonus-fara-depunere,1,,1,,1,
qwant.com / organic,/seven-casino,1,,1,,1,
yahoo / organic,/blog/verificare-bilet-winner,1,0,1,,1,0
yahoo / organic,/blog/zinx-casino-bonus-fara-depunere,1,,1,,1,
yahoo / organic,/bonus-fara-depunere-online,1,,1,,1,
yahoo / organic,/casino-online,4,0.3333333333333333,1,-0.967741935483871,4,0
bing / organic,/blog/32rosu-casino-bonus-fara-depunere,2,0,1,-0.6666666666666666,2,-0.6
bing / organic,/bilion-casino,1,,0,,1,
google / organic,/blog/jackpot-club-superbet,4,-0.2,0,,4,-0.2
bing / organic,/blog/888-casino-contact,2,,0,,2,
bing / organic,/blog/agentii-betmen,1,,0,,1,
bing / organic,/blog/agentii-casa-pariurilor,1,,0,,1,
bing / organic,/blog/agentii-fortuna,3,0.5,0,,3,0.5
bing / organic,/blog/agentii-las-vegas,1,,0,,1,
bing / organic,/blog/agentii-stanleybet,3,2,0,,5,4
bing / organic,/blog/agentii-winboss,1,0,0,,1,0
bing / organic,/blog/aplicatie-fortuna,1,,0,,1,
bing / organic,/blog/autoexcludere-jocuri-de-noroc,3,0,0,,3,0
bing / organic,/blog/bonus-de-bun-venit-napoleon-games,2,1,0,,2,1
bing / organic,/blog/bonus-fara-depunere-favbet,1,,0,,1,
bing / organic,/blog/bonus-superbet-depunere,1,,0,,1,
bing / organic,/blog/calendar-paste-betano,1,,0,,1,
bing / organic,/blog/carti-de-joc-simbolistica,1,-0.5,0,,1,-0.5
bing / organic,/blog/cod-bonus-fortuna,1,,0,,1,
bing / organic,/blog/cod-bonus-maxbet,1,-0.5,0,,1,-0.5
bing / organic,/blog/cod-bonus-netbet,1,,0,,1,
bing / organic,/blog/cod-bonus-playgg,1,-0.5,0,,1,-0.75
bing / organic,/blog/cod-bonus-unibet,2,,0,,3,
bing / organic,/blog/cod-promotional-cashpot,1,,0,,1,
bing / organic,/blog/cod-promotional-mr-bit,1,0,0,,1,0
bing / organic,/blog/concurenti-america-express,1,0,0,,1,0
bing / organic,/blog/curiozitati-noroc,1,0,0,,1,0
bing / organic,/blog/depunere-game-world-retragere,1,,0,,1,
bing / organic,/blog/depunere-retragere-win2,1,,0,,1,
bing / organic,/blog/excelbet-agentii,1,0,0,,1,0
bing / organic,/blog/fortuna-pariuri-sport,1,,0,,1,
bing / organic,/blog/getsbet-agentii,2,0,0,,2,0
bing / organic,/blog/ghid-inregistrare-netbet,1,,0,,1,
bing / organic,/blog/ghid-inregistrare-winner-casino,1,,0,,1,
bing / organic,/blog/hot-spins-bonus-fara-depunere,1,-0.5,0,-1,1,-0.5
bing / organic,/blog/jocuri-din-sali-million-casino,1,,0,,1,
bing / organic,/blog/joker-casino-bonus-fara-depunere,1,,0,,1,
bing / organic,/blog/jucatori-de-poker-romani,1,,0,,1,
bing / organic,/blog/jucatori-fotbal,1,0,0,,1,0
bing / organic,/blog/lady-casino-bonus-fara-depunere,1,,0,,1,
bing / organic,/blog/las-vegas-pariuri,2,,0,,2,
bing / organic,/blog/luck-casino-bonus-fara-depunere,1,0,0,,1,0
bing / organic,/blog/luck-mobil,1,,0,,1,
bing / organic,/blog/lucky-six,1,-0.6666666666666666,0,,1,-0.6666666666666666
bing / organic,/blog/maxbet-bonus-de-bun-venit,1,,0,,1,
bing / organic,/blog/million-casino-contact,1,,0,,1,
bing / organic,/blog/napoleon-games-roata-norocului,1,,0,,1,
bing / organic,/blog/one-casino-bonus-fara-depunere,1,,0,,1,
bing / organic,/blog/pariu-sansa-superbet,1,,0,,1,
bing / organic,/blog/powerbet-contact,1,,0,,1,
bing / organic,/blog/program-agentii-pariuri,2,,0,,2,
bing / organic,/blog/promotii-casa-pariurilor-cu-premii,1,,0,,1,
bing / organic,/blog/prowin-bonus-fara-depunere,1,0,0,,1,0
bing / organic,/blog/red-sevens-bonus-fara-depunere,1,,0,,1,
bing / organic,/blog/reguli-biliard,2,1,0,,3,2
bing / organic,/blog/reguli-dixit,1,,0,,1,
bing / organic,/blog/reguli-domino,1,,0,,1,
bing / organic,/blog/reguli-jenga,2,,0,,3,
bing / organic,/blog/reguli-kings,1,,0,,1,
bing / organic,/blog/reguli-macao,1,-0.5,0,,1,-0.5
bing / organic,/blog/reguli-poker,3,-0.4,0,,3,-0.4
bing / organic,/blog/reguli-remi,4,0.3333333333333333,0,,4,0.3333333333333333
bing / organic,/blog/reguli-rentz,2,,0,,2,
bing / organic,/blog/reguli-sah,1,0,0,,1,0
bing / organic,/blog/reguli-septica,1,,0,,1,
bing / organic,/blog/reguli-tomapan,1,,0,,1,
bing / organic,/blog/reguli-whist,2,1,0,,2,1
bing / organic,/blog/retragere-12xbet,1,,0,,1,
bing / organic,/blog/seriale-turcesti,9,-0.6086956521739131,0,,12,-0.6666666666666666
bing / organic,/blog/superbet-hot-streak,4,,0,,4,
bing / organic,/blog/superstitii-noroc,1,0,0,,1,0
bing / organic,/blog/top-curse-de-cai,1,,0,,1,
bing / organic,/blog/totalbet-agentii,1,,0,,1,
bing / organic,/blog/verificare-bilet-casa-pariurilor,2,1,0,,2,1
bing / organic,/blog/verificare-bilet-gets-bet,2,-0.5,0,,2,-0.5
bing / organic,/blog/verificare-bilet-powerbet,1,,0,,1,
bing / organic,/blog/verificare-bilet-stanleybet,5,1.5,0,-1,6,2
bing / organic,/blog/vlad-cazino-pragmatic-play-drops,1,,0,,1,
bing / organic,/blog/vlad-cazino-turnee,1,,0,,1,
bing / organic,/blog/winbet-pariuri,1,,0,,1,
bing / organic,/blog/winner-contact,1,,0,,1,
bing / organic,/game-world,1,,0,,1,
bing / organic,/joc-slot/american-poker-2-gratis,1,0,0,,1,0
bing / organic,/joc-slot/double-dice-gratis,2,,0,,2,
bing / organic,/joc-slot/magic-81-demo,1,,0,,2,
bing / organic,/joc-slot/miami-bici-gratis,1,,0,,1,
bing / organic,/joc-slot/shining-crown-gratis,1,0,0,,1,0
bing / organic,/jocuri/pacanele-gratis,1,0,0,,1,0
bing / organic,/kino-grecia,1,,0,,1,
bing / organic,/live,1,,0,,1,
bing / organic,/loto-letonia,1,,0,,2,
bing / organic,/loto-pennsylvania,1,,0,,2,
bing / organic,/loto-polonia,1,,0,,1,
bing / organic,/paste-2026-ml,2,,0,,2,
bing / organic,/poker-online,8,-0.42857142857142855,0,-1,8,-0.4666666666666667
bing / organic,/promotii-paste-casino,1,-0.75,0,-1,3,-0.625
bing / organic,/rotiri-fara-depunere-online,3,-0.5714285714285714,0,-1,3,-0.625
bing / organic,/sloturi-gratis,1,,0,,1,
bing / organic,/superbet-casino,1,0,0,,1,0
bing / organic,/t/bonus-fara-depunere,1,,0,,2,
bing / organic,/t/casa-pariurilor,1,,0,,1,
bing / organic,/toate-bonusurile-fara-depunere,2,-0.3333333333333333,0,-1,2,-0.3333333333333333
bing / organic,/top-bonus-bun-venit,1,,0,,2,
duckduckgo / organic,/blog/888-bonus-fara-depunere,4,-0.9365079365079365,0,-1,4,-0.9365079365079365
duckduckgo / organic,/blog/abon,1,,0,,1,
duckduckgo / organic,/blog/agentii-casa-pariurilor,1,,0,,1,
duckduckgo / organic,/blog/agentii-maxbet,1,0,0,,1,0
duckduckgo / organic,/blog/agentii-stanleybet,4,,0,,5,
duckduckgo / organic,/blog/agentii-superbet,6,2,0,,7,1.3333333333333333
duckduckgo / organic,/blog/agentii-winboss,1,,0,,1,
duckduckgo / organic,/blog/betano-bonus-depunere,1,,0,,1,
duckduckgo / organic,/blog/carti-de-joc-simbolistica,2,1,0,,2,1
duckduckgo / organic,/blog/cine-detine-mr-bit,1,,0,,1,
duckduckgo / organic,/blog/cine-detine-vlad-cazino,1,,0,,1,
duckduckgo / organic,/blog/cod-bonus-conti-casino,1,,0,,1,
duckduckgo / organic,/blog/cod-bonus-netbet,1,-0.5,0,,1,-0.5
duckduckgo / organic,/blog/cod-bonus-playgg,1,,0,,1,
duckduckgo / organic,/blog/cod-bonus-vlad-cazino,1,,0,,2,
duckduckgo / organic,/blog/cod-promotional-million-casino,1,,0,,2,
duckduckgo / organic,/blog/cum-sa-castigi-la-pacanele,1,,0,,1,
duckduckgo / organic,/blog/curiozitati-noroc,1,0,0,,1,-0.5
duckduckgo / organic,/blog/depunere-pokerstars,1,,0,,1,
duckduckgo / organic,/blog/efbet-bonus-fara-depunere,1,,0,,1,
duckduckgo / organic,/blog/elite-slots-bonus-fara-depunere,1,,0,,1,
duckduckgo / organic,/blog/fortuna-contact,1,,0,,4,
duckduckgo / organic,/blog/fortuna-palace-bonus-fara-depunere,1,,0,,1,
duckduckgo / organic,/blog/getsbet-agentii,1,,0,,1,
duckduckgo / organic,/blog/jucatori-de-poker-romani,1,,0,,1,
duckduckgo / organic,/blog/king-casino-bonus-fara-depunere,1,0,0,,1,-0.75
duckduckgo / organic,/blog/lady-casino-bonus-fara-depunere,1,,0,,1,
duckduckgo / organic,/blog/las-vegas-cod-promo,1,0,0,,2,1
duckduckgo / organic,/blog/okto-cash,1,,0,,2,
duckduckgo / organic,/blog/pokerstars-contact,1,,0,,1,
duckduckgo / organic,/blog/program-agentii-pariuri-de-paste,1,,0,,1,
duckduckgo / organic,/blog/reguli-canasta,2,,0,,2,
duckduckgo / organic,/blog/reguli-domino,1,,0,,1,
duckduckgo / organic,/blog/reguli-poker,1,0,0,,1,-0.75
duckduckgo / organic,/blog/reguli-remi,2,1,0,,2,1
duckduckgo / organic,/blog/reguli-rentz,2,0,0,,3,0.5
duckduckgo / organic,/blog/reguli-whist,3,0,0,,3,-0.4
duckduckgo / organic,/blog/seriale-turcesti,1,0,0,,1,0
duckduckgo / organic,/blog/superbet-contact,1,0,0,,1,0
duckduckgo / organic,/blog/superbonus-superbet,1,,0,,1,
duckduckgo / organic,/blog/totalbet-bonus-fara-depunere,1,,0,,1,
duckduckgo / organic,/blog/verificare-bilet-casa-pariurilor,1,,0,,1,
duckduckgo / organic,/blog/verificare-bilet-powerbet,1,,0,,1,
duckduckgo / organic,/blog/verificare-bilet-winboss,1,,0,,1,
duckduckgo / organic,/blog/verificare-cont-lucky-seven,1,,0,,1,
duckduckgo / organic,/blog/winner-bonus-fara-depunere,1,0,0,,1,0
duckduckgo / organic,/bonus-de-bun-venit-casino,1,,0,,1,
duckduckgo / organic,/bonus-de-ziua-ta,2,1,0,,3,2
duckduckgo / organic,/bonus-fara-rulaj,2,-0.6,0,-1,4,-0.2
duckduckgo / organic,/cehia-keno,1,,0,,1,
duckduckgo / organic,/cod-bonus-casino,4,3,0,,4,3
duckduckgo / organic,/joc-slot/european-roulette-gratis,1,,0,,1,
duckduckgo / organic,/loto-pennsylvania,1,0,0,,1,0
duckduckgo / organic,/million-casino,1,,0,,1,
duckduckgo / organic,/paste-2026-ml,1,0,0,,3,0.5
duckduckgo / organic,/poker-online,1,-0.8333333333333334,0,-1,1,-0.8333333333333334
duckduckgo / organic,/promotii-paste-casino,1,,0,,1,
duckduckgo / organic,/sali-de-jocuri,1,,0,,1,
duckduckgo / organic,/sloturi-gratis,1,,0,,1,
duckduckgo / organic,/t/200-rotiri-gratuite,1,,0,,1,
google / organic,/404,1,0,0,,1,0
google / organic,/autor/alina-isac,2,0,0,,2,0
google / organic,/autor/giulia-petrescu,3,,0,,3,
google / organic,/autor/lavinia-fetecau,1,,0,,1,
google / organic,/autor/renata-dascaliu,2,,0,,2,
google / organic,/autori,1,,0,,1,
google / organic,/bet7-casino,2,-0.8333333333333334,0,-1,3,-0.75
google / organic,/blog,3,-0.25,0,-1,3,-0.5
google / organic,/blog/888-casino-contact,11,0.5714285714285714,0,,12,0.7142857142857143
google / organic,/blog/abrevieri-pariuri-superbet,1,0,0,,1,0
google / organic,/blog/admiralbet-bonus-fara-depunere,1,-0.6666666666666666,0,-1,1,-0.6666666666666666
google / organic,/blog/admiralbet-casino-promotii-zilnice,1,,0,,1,
google / organic,/blog/agentii-casa-pariurilor,47,46,0,,53,52
google / organic,/blog/agentii-elite-slots,2,1,0,,3,2
google / organic,/blog/agentii-las-vegas,21,9.5,0,,22,10
google / organic,/blog/agentii-magnumbet,12,3,0,,13,3.3333333333333335
google / organic,/blog/agentii-maxbet,9,1.25,0,,10,1.5
google / organic,/blog/agentii-mozzartbet,11,4.5,0,,12,5
google / organic,/blog/agentii-player,4,0,0,,4,0
google / organic,/blog/agentii-seven-casino,4,-0.5555555555555556,0,-1,4,-0.5555555555555556
google / organic,/blog/agentii-stanleybet,182,25,0,,199,27.428571428571427
google / organic,/blog/agentii-superbet,253,8.73076923076923,0,,277,9.653846153846153
google / organic,/blog/agentii-winboss,6,5,0,,7,6
google / organic,/blog/android-ios-winbet-app,2,-0.3333333333333333,0,-1,2,-0.3333333333333333
google / organic,/blog/aniversare-fortuna-10-ani,3,,0,,4,
google / organic,/blog/apple-pay,3,0.5,0,,3,0.5
google / organic,/blog/autoexcludere-jocuri-de-noroc,6,-0.4,0,,6,-0.45454545454545453
google / organic,/blog/bet7-casino-bonus-bun-venit,3,,0,,3,
google / organic,/blog/betano-app-mobile,2,-0.3333333333333333,0,,2,-0.3333333333333333
google / organic,/blog/betano-bonus-depunere,3,0.5,0,,3,0.5
google / organic,/blog/betano-calendar-de-craciun,2,0,0,-1,2,-0.3333333333333333
google / organic,/blog/betano-promotii-sport,1,,0,,1,
google / organic,/blog/betano-vip,6,-0.3333333333333333,0,-1,6,-0.3333333333333333
google / organic,/blog/betmen-depunere-retragere,6,-0.5384615384615384,0,-1,6,-0.625
google / organic,/blog/betmen-pariuri-sportive,4,-0.5,0,,4,-0.6
google / organic,/blog/betmen-promotii-sport,2,1,0,,2,1
google / organic,/blog/betropolis-conticazino,1,,0,,1,
google / organic,/blog/bilion-bonus-bun-venit,1,0,0,-1,1,0
google / organic,/blog/bonus-888-sport,2,0,0,-1,2,0
google / organic,/blog/bonus-bun-venit-12xbet,1,,0,,1,
google / organic,/blog/bonus-bun-venit-frank-casino,2,0,0,-1,2,0
google / organic,/blog/bonus-bun-venit-topbet,4,0,0,,4,-0.2
google / organic,/blog/bonus-casa-pariurilor-casino,1,-0.6666666666666666,0,,1,-0.6666666666666666
google / organic,/blog/bonus-cashback-bilion,1,,0,,1,
google / organic,/blog/bonus-cashback-winbet,1,,0,,1,
google / organic,/blog/bonus-gets-bet,1,0,0,,1,0
google / organic,/blog/bonus-reincarcare-swiper,1,-0.9411764705882353,0,,1,-0.9411764705882353
google / organic,/blog/bonus-slotv,1,0,0,,1,0
google / organic,/blog/bonus-sport-betmen,1,0,0,,1,0
google / organic,/blog/bonus-sport-stanleybet,1,,0,,1,
google / organic,/blog/bonus-sport-victory-bet,3,,0,,3,
google / organic,/blog/bonus-stanleybet-bun-venit,3,,0,,3,
google / organic,/blog/bonus-superbet-depunere,1,-0.5,0,,1,-0.5
google / organic,/blog/bonus-superspin-superbet,1,-0.8,0,,1,-0.8
google / organic,/blog/bonus-ziua-ta-superbet,2,-0.6666666666666666,0,-1,2,-0.6666666666666666
google / organic,/blog/calculare-algoritm-pacanele,26,-0.1875,0,,26,-0.2571428571428571
google / organic,/blog/calendar-paste-betano,2,-0.8666666666666667,0,,2,-0.875
google / organic,/blog/carti-de-joc-simbolistica,63,0.21153846153846154,0,,68,0.2830188679245283
google / organic,/blog/carti-de-tarot,9,0.5,0,,9,0
google / organic,/blog/casa-pariurilor-bonus-sport,1,0,0,,1,0
google / organic,/blog/cashback-million-casino,1,-0.5,0,,1,-0.5
google / organic,/blog/cashback-superbet,1,,0,,10,
google / organic,/blog/cashback-totogaming,2,,0,,2,
google / organic,/blog/cashpay,1,,0,,1,
google / organic,/blog/cashpot-bonus-de-bun-venit,1,0,0,,1,0
google / organic,/blog/cashpot-bonus-fara-depunere,3,0,0,,3,0
google / organic,/blog/cashpot-contact,4,-0.5,0,,5,-0.4444444444444444
google / organic,/blog/cat-dureaza-un-meci-handbal,2,,0,,2,
google / organic,/blog/cat-dureaza-un-meci-tenis,1,0,0,,1,0
google / organic,/blog/cazinouri-egt-romania,2,,0,,2,
google / organic,/blog/ce-licenta-are-maxbet,1,-0.8333333333333334,0,,1,-0.8571428571428571
google / organic,/blog/ce-licenta-are-netbet,1,-0.5,0,,1,-0.6666666666666666
google / organic,/blog/ce-licenta-are-vlad-cazino,1,,0,,1,
google / organic,/blog/cerinte-de-rulaj-mr-bit,3,,0,,3,
google / organic,/blog/cerinte-rulaj-don-casino,1,-0.6666666666666666,0,,1,-0.6666666666666666
google / organic,/blog/cerinte-rulaj-las-vegas-casino,3,,0,,3,
google / organic,/blog/cerinte-rulaj-maxbet,2,,0,,2,
google / organic,/blog/cerinte-rulaj-mozzartbet,6,-0.25,0,,6,-0.25
google / organic,/blog/cerinte-rulaj-toto-gaming,3,,0,,3,
google / organic,/blog/cerinte-rulaj-unibet,2,-0.3333333333333333,0,,2,-0.3333333333333333
google / organic,/blog/cine-detine-casa-pariurilor,1,-0.6666666666666666,0,,1,-0.6666666666666666
google / organic,/blog/cine-detine-fortuna,11,2.6666666666666665,0,,12,3
google / organic,/blog/cine-detine-gets-bet,2,-0.7142857142857143,0,,2,-0.7142857142857143
google / organic,/blog/cine-detine-maxbet,9,0.5,0,,10,0.6666666666666666
google / organic,/blog/cine-detine-mr-bit,16,-0.5555555555555556,0,,18,-0.5384615384615384
google / organic,/blog/cine-detine-pokerstars,2,,0,,2,
google / organic,/blog/cine-detine-superbet,4,3,0,,4,3
google / organic,/blog/cine-detine-unibet,2,-0.3333333333333333,0,,2,-0.3333333333333333
google / organic,/blog/cine-detine-vlad-cazino,2,0,0,,2,0
google / organic,/blog/clubul-jucatorilor-netbet,2,1,0,,2,1
google / organic,/blog/cod-bonus-betano,2,1,0,,3,2
google / organic,/blog/cod-bonus-fortuna,6,-0.4,0,-1,6,-0.5
google / organic,/blog/cod-bonus-game-world,7,-0.2222222222222222,0,-1,8,-0.1111111111111111
google / organic,/blog/cod-bonus-getsbet,3,2,0,,3,2
google / organic,/blog/cod-bonus-player-casino,12,-0.29411764705882354,0,-1,12,-0.4
google / organic,/blog/cod-bonus-playgg,8,1,0,,8,0.6
google / organic,/blog/cod-bonus-pokerstars,1,,0,,1,
google / organic,/blog/cod-bonus-prima-casino,1,,0,,1,
google / organic,/blog/cod-bonus-seven-casino,16,0.14285714285714285,0,-1,16,0.14285714285714285
google / organic,/blog/cod-bonus-winbet,1,-0.6666666666666666,0,-1,2,-0.6
google / organic,/blog/cod-promo-frank-casino,16,0.23076923076923078,0,-1,17,0.3076923076923077
google / organic,/blog/cod-promo-slotv,3,2,0,,3,2
google / organic,/blog/cod-promotional-casa-pariurilor,1,-0.75,0,-1,2,-0.5
google / organic,/blog/combinatii-numere-norocoase-loto,1,-0.75,0,,1,-0.75
google / organic,/blog/comision-ing-casino,1,,0,,1,
google / organic,/blog/concurenti-america-express,3,-0.8125,0,,3,-0.8125
google / organic,/blog/concurenti-asia-express,6,-0.5384615384615384,0,,7,-0.46153846153846156
google / organic,/blog/cont-bilion-casino,1,-0.5,0,,1,-0.5
google / organic,/blog/cont-joker-casino,6,1,0,,6,1
google / organic,/blog/cont-mr-play-casino,1,-0.8,0,,1,-0.8
google / organic,/blog/cont-red-sevens,1,0,0,,1,0
google / organic,/blog/contact-win2,3,2,0,,3,2
google / organic,/blog/conticazino-bonus-aniversar,2,-0.6666666666666666,0,,2,-0.6666666666666666
google / organic,/blog/conticazino-contact,4,,0,,4,
google / organic,/blog/conticazino-mobil,3,,0,,3,
google / organic,/blog/cum-sa-scapi-de-ghinion,29,0,0,,29,-0.17142857142857143
google / organic,/blog/curiozitati-noroc,3,0,0,,3,0
google / organic,/blog/depunere-888-retrageri,2,1,0,-1,2,1
google / organic,/blog/depunere-bet7-retragere,11,0.2222222222222222,0,,12,0.2
google / organic,/blog/depunere-betano-retrageri,13,-0.1875,0,,14,-0.17647058823529413
google / organic,/blog/depunere-bilion-retragere,3,-0.4,0,,4,-0.2
google / organic,/blog/depunere-don-casino-retragere,5,0,0,,5,0
google / organic,/blog/depunere-efortuna-retrageri-casino,1,,0,,1,
google / organic,/blog/depunere-elite-slots-retragere,3,0.5,0,,3,0.5
google / organic,/blog/depunere-favbet-retrageri,1,-0.6666666666666666,0,,2,-0.3333333333333333
google / organic,/blog/depunere-gets-bet,1,-0.5,0,,1,-0.5
google / organic,/blog/depunere-hot-spins-retragere,1,,0,,1,
google / organic,/blog/depunere-las-vegas-retragere,13,-0.4090909090909091,0,,16,-0.3333333333333333
google / organic,/blog/depunere-luck-retragere,6,-0.6,0,-1,7,-0.631578947368421
google / organic,/blog/depunere-lucky-seven-retragere,1,-0.5,0,,1,-0.5
google / organic,/blog/depunere-magnumbet-retragere,2,1,0,,3,2
google / organic,/blog/depunere-manhattan-casino-retragere,3,-0.8421052631578947,0,-1,3,-0.8636363636363636
google / organic,/blog/depunere-maxbet-retrageri,14,0.16666666666666666,0,-1,15,0.25
google / organic,/blog/depunere-million-casino-retragere,6,1,0,,6,1
google / organic,/blog/depunere-mr-play-retragere,7,-0.125,0,,7,-0.125
google / organic,/blog/depunere-napoleon-games-retragere,4,-0.2,0,,4,-0.2
google / organic,/blog/depunere-netbet-retrageri,6,0.5,0,,6,0.5
google / organic,/blog/depunere-one-casino-retragere,1,-0.5,0,,1,-0.5
google / organic,/blog/depunere-pacanelero-retragere,1,,0,,1,
google / organic,/blog/depunere-playgg-retragere,5,4,0,,5,4
google / organic,/blog/depunere-pokerstars,1,0,0,,2,1
google / organic,/blog/depunere-princess-casino-retrageri,8,0.3333333333333333,0,,9,0.5
google / organic,/blog/depunere-retragere-frank-casino,1,0,0,,1,0
google / organic,/blog/depunere-retragere-maxwin,4,3,0,,5,4
google / organic,/blog/depunere-retragere-win2,7,0.4,0,,11,0.8333333333333334
google / organic,/blog/depunere-royal-slots-retragere,2,,0,,2,
google / organic,/blog/depunere-stanleybet-retragere,2,,0,,3,
google / organic,/blog/depunere-swiper-casino-retragere,1,,0,,1,
google / organic,/blog/depunere-topbet-retragere,6,-0.14285714285714285,0,,6,-0.25
google / organic,/blog/depunere-total-bet-retragere,1,,0,,1,
google / organic,/blog/depunere-toto-gaming-retragere,2,-0.75,0,,2,-0.7777777777777778
google / organic,/blog/depunere-unibet-retrageri,5,-0.16666666666666666,0,,6,-0.14285714285714285
google / organic,/blog/depunere-victory-bet-retragere,17,0.21428571428571427,0,,18,0.2
google / organic,/blog/depunere-winboss-retragere,1,0,0,,1,0
google / organic,/blog/depunere-winner-retragere,6,0.2,0,,6,0.2
google / organic,/blog/depuneri-retrageri-betfair,4,0,0,,4,0
google / organic,/blog/depuneri-retrageri-casa-pariurilor,5,0,0,,5,0
google / organic,/blog/depuneri-si-retrageri-vlad-cazino,4,1,0,,4,1
google / organic,/blog/don-casino-bonus-bun-venit,2,,0,,2,
google / organic,/blog/don-casino-bonus-pariuri,1,,0,,1,
google / organic,/blog/don-casino-contact,1,-0.6666666666666666,0,,1,-0.75
google / organic,/blog/don-casino-vip,2,,0,,2,
google / organic,/blog/echipe-de-fotbal-anglia,9,2,0,,9,2
google / organic,/blog/echipe-de-fotbal-din-franta,14,1.3333333333333333,0,,14,1.3333333333333333
google / organic,/blog/echipe-de-fotbal-spania,2,-0.3333333333333333,0,,2,-0.3333333333333333
google / organic,/blog/efbet-bonus-de-bun-venit,1,0,0,,1,0
google / organic,/blog/efbet-bonus-fara-depunere,9,-0.18181818181818182,0,-1,9,-0.18181818181818182
google / organic,/blog/efbet-casino-live,1,,0,,1,
google / organic,/blog/excelbet-agentii,7,6,0,,7,6
google / organic,/blog/excelbet-pariuri-sportive,3,0.5,0,,3,0.5
google / organic,/blog/favbet-jocuri,2,1,0,,2,1
google / organic,/blog/favbet-mobile-app,1,-0.5,0,,1,-0.5
google / organic,/blog/filme-despre-epidemii,2,1,0,,2,1
google / organic,/blog/fortuna-contact,2,,0,,2,
google / organic,/blog/fortuna-loto,1,0,0,,1,0
google / organic,/blog/fortuna-pariuri-sport,1,-0.6666666666666666,0,,1,-0.75
google / organic,/blog/frank-casino-vip,1,,0,,1,
google / organic,/blog/game-world-bonus-fara-depunere,2,,0,,2,
google / organic,/blog/gets-bet-contact,2,1,0,,2,1
google / organic,/blog/gets-bet-mobile,1,-0.6666666666666666,0,-1,1,-0.6666666666666666
google / organic,/blog/ghicitul-in-carti,1,0,0,,1,0
google / organic,/blog/ghid-conticazino-inregistrare,2,1,0,,2,1
google / organic,/blog/ghid-inregistrare-888-casino,1,0,0,,1,0
google / organic,/blog/ghid-inregistrare-betano,4,0,0,,4,0
google / organic,/blog/ghid-inregistrare-casa-pariurilor,1,0,0,-1,1,0
google / organic,/blog/ghid-inregistrare-efortuna,1,,0,,1,
google / organic,/blog/ghid-inregistrare-maxbet,6,-0.4,0,-1,7,-0.36363636363636365
google / organic,/blog/ghid-inregistrare-mr-bit,2,0,0,,2,0
google / organic,/blog/ghid-inregistrare-netbet,1,-0.75,0,,1,-0.75
google / organic,/blog/ghid-inregistrare-player-casino,1,-0.8333333333333334,0,,1,-0.8571428571428571
google / organic,/blog/ghid-inregistrare-publicwin,1,0,0,,1,0
google / organic,/blog/glume-pacanele,8,-0.2,0,,8,-0.2727272727272727
google / organic,/blog/greseli-frecvente-poker,1,,0,,1,
google / organic,/blog/happy-hour-winboss,1,,0,,1,
google / organic,/blog/happy-hour-winner,1,,0,,1,
google / organic,/blog/iarina-mateescu,3,,0,,3,
google / organic,/blog/idei-jocuri-de-carti,6,2,0,,6,2
google / organic,/blog/impozit-jocuri-noroc,5,-0.5,0,,11,-0.3125
google / organic,/blog/inchidere-cont-las-vegas,1,0,0,,3,2
google / organic,/blog/inregistrare-betmen,2,0,0,,2,0
google / organic,/blog/inregistrare-don-casino,1,,0,,1,
google / organic,/blog/inregistrare-las-vegas-casino,1,0,0,,1,0
google / organic,/blog/inregistrare-maxwin-verificare,1,,0,,1,
google / organic,/blog/inregistrare-one-casino,12,0,0,-1,13,0.08333333333333333
google / organic,/blog/inregistrare-pokerstars,1,,0,,1,
google / organic,/blog/inregistrare-spin-casino,1,-0.5,0,,1,-0.5
yahoo / organic,/blog/sportivi-francezi,1,,0,,1,
google / organic,/blog/joc-responsabil-888,2,-0.3333333333333333,0,,2,-0.3333333333333333
google / organic,/blog/joc-responsabil-betano,2,1,0,,2,1
google / organic,/blog/joc-responsabil-elite-slots,1,,0,,1,
google / organic,/blog/joc-responsabil-gets-bet,1,0,0,,1,0
google / organic,/blog/joc-responsabil-maxbet,3,-0.4,0,,3,-0.5
google / organic,/blog/joc-responsabil-mozzart,1,-0.6666666666666666,0,,1,-0.6666666666666666
google / organic,/blog/joc-responsabil-princess-casino,2,,0,,3,
google / organic,/blog/joc-responsabil-superbet,2,,0,,2,
google / organic,/blog/joc-responsabil-toto-gaming,1,0,0,,1,0
google / organic,/blog/joc-responsabil-unibet,1,,0,,1,
google / organic,/blog/joc-responsabil-winbet,5,1.5,0,-1,5,0.6666666666666666
google / organic,/blog/joc-responsabil-winner,5,-0.6153846153846154,0,,6,-0.5714285714285714
google / organic,/blog/jocuri-din-sali-million-casino,1,,0,,1,
google / organic,/blog/jocuri-vlad-cazino,1,0,0,,2,1
google / organic,/blog/king-casino-bonus-fara-depunere/),1,,0,,1,
google / organic,/blog/lady-casino-bonus-bun-venit,1,-0.5,0,-1,1,-0.5
google / organic,/blog/las-vegas-bonus-aniversar,6,-0.14285714285714285,0,,6,-0.14285714285714285
google / organic,/blog/las-vegas-cod-promo,10,-0.5652173913043478,0,-1,10,-0.5652173913043478
google / organic,/blog/las-vegas-mobil,3,0.5,0,-1,4,1
google / organic,/blog/las-vegas-vip,1,0,0,,1,0
google / organic,/blog/liga-toto-gaming,2,-0.5,0,,2,-0.6
google / organic,/blog/live-casino-superbet,1,0,0,,1,0
google / organic,/blog/luck-bonus-bun-venit,1,,0,,1,
google / organic,/blog/luck-casino-bonus-fara-depunere,3,0.5,0,-1,3,0
google / organic,/blog/lucky-loser-fortuna,1,-0.75,0,,1,-0.75
google / organic,/blog/lucky-seven-bonus-bun-venit,1,,0,,1,
google / organic,/blog/lucky-six-casa-pariurilor,4,-0.2,0,,5,-0.2857142857142857
google / organic,/blog/magnumbet-bonus-bun-venit,2,1,0,,2,1
google / organic,/blog/magnumbet-pariuri-sportive,4,,0,,4,
google / organic,/blog/maini-de-poker,10,1.5,0,,10,1.5
google / organic,/blog/maraton-pragmatic-play-supercazino,1,,0,,1,
google / organic,/blog/maxbet-bonus-de-bun-venit,1,-0.8571428571428571,0,-1,1,-0.9230769230769231
google / organic,/blog/maxbet-contact,1,-0.6666666666666666,0,,1,-0.75
google / organic,/blog/maxbet-mobile-casino,3,0.5,0,,3,0.5
google / organic,/blog/maxbet-sloturi,1,,0,,1,
google / organic,/blog/million-casino-contact,62,-0.03125,0,-1,74,0.05714285714285714
google / organic,/blog/million-casino-vip,1,,0,,1,
google / organic,/blog/mozzartbet-bonus-bun-venit,1,0,0,-1,1,0
google / organic,/blog/mozzartbet-bonus-fara-depunere,3,-0.4,0,-1,11,0.8333333333333334
google / organic,/blog/mozzartbet-contact,1,-0.6666666666666666,0,,1,-0.6666666666666666
google / organic,/blog/mr-bit-bonus-aniversar,2,1,0,,3,2
google / organic,/blog/mr-bit-contact,2,-0.5,0,-1,2,-0.5
google / organic,/blog/mr-livian-un-om-al-oamenilor,15,0.6666666666666666,0,,15,0.5
google / organic,/blog/mr-play-bonus-de-bun-venit,1,0,0,,1,0
google / organic,/blog/napoleon-games-castig-dublat,2,0,0,,2,0
google / organic,/blog/netbet-200-rotiri,4,-0.2,0,-1,4,-0.2
google / organic,/blog/netbet-contact,1,-0.5,0,,1,-0.5
google / organic,/blog/netbet-pariuri,1,,0,,1,
google / organic,/blog/noroc-mitologie,3,0.5,0,,3,-0.25
google / organic,/blog/one-casino-bonus-bun-venit,1,-0.5,0,-1,1,-0.5
google / organic,/blog/pacanele-online-cu-cardul,1,,0,,1,
google / organic,/blog/pacanelero-bonus-fara-depunere,12,-0.14285714285714285,0,-1,13,-0.13333333333333333
google / organic,/blog/pariu-sansa-fortuna,1,,0,,1,
google / organic,/blog/pariu-sansa-gets-bet,4,-0.2,0,-1,4,-0.2
google / organic,/blog/pariu-sansa-superbet,20,-0.047619047619047616,0,,22,-0.08333333333333333
google / organic,/blog/pariuri-sportive-stanleybet,5,0.25,0,,5,0
google / organic,/blog/pariuri-sportive-total-bet-ro,2,-0.5,0,,2,-0.5
google / organic,/blog/pariuriplus-cod-bonus,8,-0.2,0,,11,0.1
google / organic,/blog/pariuriplus-inregistrare,3,,0,,3,
google / organic,/blog/patroni-cazinouri-online,32,-0.1111111111111111,0,,33,-0.13157894736842105
google / organic,/blog/player-casino-bonus-fara-depunere,4,-0.5555555555555556,0,-1,4,-0.6
google / organic,/blog/player-casino-verificare-cont,1,0,0,,2,1
google / organic,/blog/player-contact,2,-0.5,0,,2,-0.5
google / organic,/blog/poker-superbet,1,0,0,,1,0
google / organic,/blog/ponturi-fotbal,2,-0.7142857142857143,0,,2,-0.7777777777777778
google / organic,/blog/powerbet-agentii,9,1.25,0,-1,11,1.75
google / organic,/blog/powerbet-bonus-fara-depunere,2,1,0,,2,1
google / organic,/blog/powerbet-contact,4,-0.3333333333333333,0,,4,-0.3333333333333333
google / organic,/blog/prima-casino-contact,32,1,0,-1,35,1.1875
google / organic,/blog/princess-casino-contact,5,-0.4444444444444444,0,,5,-0.5
google / organic,/blog/prize-mania-joker-casino,1,,0,,1,
google / organic,/blog/prize-mania-win2,1,,0,,3,
google / organic,/blog/probleme-retragere-casino,40,0.42857142857142855,0,,45,0.45161290322580644
google / organic,/blog/probleme-verificare-cont-casino,1,-0.5,0,,1,-0.5
google / organic,/blog/program-agentii-pariuri,1,,0,,1,
google / organic,/blog/promotii-betano-cu-premii,1,,0,,1,
google / organic,/blog/promotii-casa-pariurilor-cu-premii,4,,0,,4,
google / organic,/blog/promotii-maxbet-cu-premii,2,1,0,,2,1
google / organic,/blog/promotii-princess-casino-cu-premii,1,-0.5,0,,1,-0.5
google / organic,/blog/promotii-sport-stanleybet,1,,0,,2,
google / organic,/blog/promotii-winner-cu-premii,1,,0,,1,
google / organic,/blog/promotii-zilnice-player,1,,0,,1,
google / organic,/blog/promotii-zilnice-vlad-cazino,1,0,0,,1,0
google / organic,/blog/puncte-888-club-jucatori,1,,0,,1,
google / organic,/blog/reguli-biliard,48,0.4117647058823529,0,,54,0.3170731707317073
google / organic,/blog/reguli-brisca-joc-de-carti,1,-0.6666666666666666,0,,1,-0.75
google / organic,/blog/reguli-canasta,9,0.8,0,,11,1.2
google / organic,/blog/reguli-catan,2,,0,,2,
google / organic,/blog/reguli-dixit,3,-0.25,0,,4,-0.2
google / organic,/blog/reguli-domino,1,0,0,,1,0
google / organic,/blog/reguli-gin-rummy,4,-0.2,0,,4,-0.2
google / organic,/blog/reguli-jenga,6,1,0,,6,1
google / organic,/blog/reguli-kems,105,-0.4198895027624309,0,-1,133,-0.4166666666666667
google / organic,/blog/reguli-macao,14,0.2727272727272727,0,,15,0.15384615384615385
google / organic,/blog/reguli-mahjong,7,0,0,,13,0.8571428571428571
google / organic,/blog/reguli-monopoly,4,-0.42857142857142855,0,,5,-0.375
google / organic,/blog/reguli-nu-te-supara-frate,16,1.6666666666666667,0,,17,1.4285714285714286
google / organic,/blog/reguli-popa-prostu,214,-0.0815450643776824,0,-1,238,-0.1018867924528302
google / organic,/blog/reguli-remi,3,0.5,0,,3,0.5
google / organic,/blog/reguli-sah,1,0,0,-1,1,0
google / organic,/blog/reguli-septica,17,0.5454545454545454,0,,18,0.2857142857142857
google / organic,/blog/reguli-solitaire,1,0,0,,5,4
google / organic,/blog/reguli-tabinet,1,-0.8333333333333334,0,,1,-0.875
google / organic,/blog/reguli-toci,9,0.5,0,,9,0.5
google / organic,/blog/reguli-tomapan,5,-0.5,0,,6,-0.45454545454545453
google / organic,/blog/reguli-trombon,9,0.5,0,,12,0.7142857142857143
google / organic,/blog/reguli-uno,2,-0.8,0,,2,-0.8461538461538461
google / organic,/blog/reguli-yams,43,0.2647058823529412,0,,52,0.3333333333333333
google / organic,/blog/retragere-depunere-superbet,14,-0.2222222222222222,0,,14,-0.3
google / organic,/blog/retragere-spin-casino-depunere,1,0,0,,1,0
google / organic,/blog/roata-norocului-bilion-casino,1,-0.75,0,-1,1,-0.75
google / organic,/blog/roata-norocului-stanleybet,1,,0,,1,
google / organic,/blog/roata-norocului-totalbet,1,,0,,1,
google / organic,/blog/roata-norocului-vivabet,1,,0,,1,
google / organic,/blog/ruleta-online-pariere,5,,0,,5,
google / organic,/blog/sanse-de-castig-la-casino,4,,0,,4,
google / organic,/blog/semnificatie-numere,7,-0.125,0,,7,-0.125
google / organic,/blog/semnificatii-vise-noroc,1,,0,,1,
google / organic,/blog/seriale-coreene,10,-0.23076923076923078,0,,12,-0.07692307692307693
google / organic,/blog/seriale-turcesti,66,-0.2903225806451613,0,,67,-0.33663366336633666
google / organic,/blog/seven-casino-bonus-fara-depunere,1,-0.6666666666666666,0,-1,1,-0.6666666666666666
google / organic,/blog/seven-casino-mobil,1,,0,,1,
google / organic,/blog/sloturi-las-vegas,2,,0,,2,
google / organic,/blog/sloturi-mr-bit,1,,0,,2,
google / organic,/blog/sportivi-englezi,1,,0,,1,
google / organic,/blog/sportivi-francezi,1,-0.6666666666666666,0,,1,-0.6666666666666666
google / organic,/blog/stanleybet-club,4,,0,,4,
google / organic,/blog/stanleybet-loto,2,,0,,2,
google / organic,/blog/stanleybet-mobile,1,-0.5,0,-1,1,-0.5
google / organic,/blog/super-cota-superbet,5,0,0,,5,-0.16666666666666666
google / organic,/blog/superbet-aplicatie-pentru-mobil,11,2.6666666666666665,0,-1,11,1.75
google / organic,/blog/superbet-club,12,0.3333333333333333,0,,12,0.3333333333333333
google / organic,/blog/superbet-hot-streak,2,-0.3333333333333333,0,,2,-0.3333333333333333
google / organic,/blog/superbet-jackpot,1,-0.6666666666666666,0,,1,-0.6666666666666666
google / organic,/blog/superbet-pariuri,2,,0,,2,
google / organic,/blog/superbet-superavantaj,1,0,0,,1,0
google / organic,/blog/superbet-virtuale,1,0,0,,1,0
google / organic,/blog/superparior-superbet,5,0.25,0,,6,0.2
google / organic,/blog/superstitii-noroc,26,-0.38095238095238093,0,,28,-0.37777777777777777
google / organic,/blog/swiper-casino-bonus-bun-venit,21,1.1,0,,21,1.1
google / organic,/blog/tablouri-jocuri-de-noroc-celebre,2,1,0,,2,0
google / organic,/blog/tombola-million-casino,1,,0,,1,
google / organic,/blog/top-curse-de-cai,2,-0.3333333333333333,0,,2,-0.3333333333333333
google / organic,/blog/top-jucatori-cs-go,7,-0.4166666666666667,0,,7,-0.46153846153846156
google / organic,/blog/totalbet-agentii,19,1.375,0,-1,21,1.625
google / organic,/blog/totalbet-inregistrare,1,,0,,1,
google / organic,/blog/totalbet-verificare-bilet,11,-0.15384615384615385,0,,11,-0.26666666666666666
google / organic,/blog/toto-gaming-pariuri-sportive,1,,0,,1,
google / organic,/blog/totul-despre-barbut,44,-0.22807017543859648,0,,51,-0.22727272727272727
google / organic,/blog/trucuri-managementul-timpului,6,,0,,6,
google / organic,/blog/unibet-contact,7,1.3333333333333333,0,,7,0.75
google / organic,/blog/validare-cont-888-casino,9,0.2857142857142857,0,-1,10,0.25
google / organic,/blog/validare-cont-cashpot,3,0.5,0,,3,0.5
google / organic,/blog/validare-cont-pokerstars,1,-0.5,0,,1,-0.5
google / organic,/blog/validare-cont-princess-casino,3,0.5,0,,3,0.5
google / organic,/blog/validare-cont-vlad-cazino,2,1,0,,2,1
google / organic,/blog/verificare-bilet-888casino,2,0,0,,2,0
google / organic,/blog/verificare-bilet-casa-pariurilor,4,-0.6363636363636364,0,-1,4,-0.6363636363636364
google / organic,/blog/verificare-bilet-gets-bet,1,-0.75,0,,1,-0.75
google / organic,/blog/verificare-bilet-las-vegas,7,-0.6111111111111112,0,-1,7,-0.6111111111111112
google / organic,/blog/verificare-bilet-magnumbet,16,1.2857142857142858,0,,17,1.4285714285714286
google / organic,/blog/verificare-bilet-maxbet,1,-0.6666666666666666,0,,1,-0.75
google / organic,/blog/verificare-bilet-player,2,1,0,,4,3
google / organic,/blog/verificare-bilet-stanleybet,8,-0.1111111111111111,0,-1,9,0
google / organic,/blog/verificare-bilet-victory-bet,1,0,0,,1,0
google / organic,/blog/verificare-bilet-winbet,2,0,0,,2,0
google / organic,/blog/verificare-bilet-winboss,5,1.5,0,,6,2
google / organic,/blog/verificare-bilet-winner,2,,0,,2,
google / organic,/blog/verificare-cont-bet7-casino,1,-0.6666666666666666,0,,1,-0.75
google / organic,/blog/verificare-cont-betmen,1,,0,,1,
google / organic,/blog/verificare-cont-game-world,1,-0.75,0,,1,-0.75
google / organic,/blog/verificare-cont-hot-spins,4,1,0,,4,1
google / organic,/blog/verificare-cont-lady-casino,2,-0.3333333333333333,0,,2,-0.3333333333333333
google / organic,/blog/verificare-cont-las-vegas-casino,5,-0.375,0,,5,-0.375
google / organic,/blog/verificare-cont-million-casino,1,-0.75,0,,1,-0.8
google / organic,/blog/verificare-cont-mozzartbet,4,-0.2,0,,4,-0.2
google / organic,/blog/verificare-cont-powerbet,1,,0,,1,
google / organic,/blog/verificare-cont-prima-casino,2,0,0,,2,0
google / organic,/blog/verificare-cont-seven-casino,2,1,0,,4,3
google / organic,/blog/verificare-cont-spin-casino,4,3,0,,4,3
google / organic,/blog/verificare-cont-toto-gaming,5,0.6666666666666666,0,,5,0.6666666666666666
google / organic,/blog/verificare-cont-unibet-casino,2,-0.3333333333333333,0,,2,-0.5
google / organic,/blog/verificare-cont-victory-bet,1,-0.6666666666666666,0,,1,-0.6666666666666666
google / organic,/blog/verificare-cont-winboss,1,-0.6666666666666666,0,,1,-0.6666666666666666
google / organic,/blog/victory-bet-bonus-bun-venit,4,3,0,,5,4
google / organic,/blog/victory-bet-bonus-fara-depunere,4,1,0,,4,1
google / organic,/blog/victory-bet-contact,10,2.3333333333333335,0,,10,2.3333333333333335
google / organic,/blog/victory-bet-live-casino,2,1,0,,2,1
google / organic,/blog/victory-bet-pariuri-sportive,9,8,0,-1,10,9
google / organic,/blog/vivabet-bonus-bun-venit,1,,0,,1,
google / organic,/blog/vlad-cazino-contact,7,-0.3,0,-1,7,-0.36363636363636365
google / organic,/blog/win2-bonus-fara-depunere,1,0,0,,1,-0.8
google / organic,/blog/win2-casino-mobile,1,0,0,,1,0
google / organic,/blog/winbet-roata-norocului,2,1,0,-1,2,1
google / organic,/blog/winbet-ticket-mania,2,-0.8823529411764706,0,-1,2,-0.9
google / organic,/blog/winboss-all-in-summer-tombola,3,,0,,5,
google / organic,/blog/winboss-casino-cod-bonus,15,4,0,,17,4.666666666666667
google / organic,/blog/winboss-inregistrare,1,,0,,1,
google / organic,/blog/winboss-roata-norocului,2,,0,,3,
google / organic,/blog/winmasters-pariuri,1,,0,,1,
google / organic,/blog/winner-bonus-pariuri,2,1,0,-1,2,1
google / organic,/blog/winner-contact,14,0.07692307692307693,0,,17,0.3076923076923077
google / organic,/blog/winner-free-bet,1,0,0,-1,1,0
google / organic,/blog/winner-fun,1,,0,,1,
google / organic,/blog/zile-si-numere-norocoase,49,-0.09259259259259259,0,-1,51,-0.13559322033898305
google / organic,/bonus-martisor-casino,1,-0.9375,0,-1,1,-0.9375
google / organic,/casino-live,2,1,0,,2,1
google / organic,/cehia-keno,9,0.8,0,,9,0.8
google / organic,/contact,2,-0.5,0,,3,-0.25
google / organic,/despre-noi,3,2,0,,3,2
google / organic,/elite-slots-casino,1,-0.875,0,-1,1,-0.9
google / organic,/excelbet-casino,2,-0.6666666666666666,0,,2,-0.6666666666666666
google / organic,/fara-categorie/blocuri-sc,1,,0,,1,
google / organic,/fortuna-palace-casino,1,-0.5,0,,1,-0.5
google / organic,/g-oferte-fara-depunere-premium,1,,0,,1,
google / organic,/game-world,2,-0.5,0,-1,2,-0.5
google / organic,/getsbet-casino,4,-0.5,0,-1,4,-0.5
google / organic,/happy-hour-casino,1,0,0,,1,0
google / organic,/joc-slot/20-dazzling-hot-gratis,1,-0.5,0,-1,1,-0.5
google / organic,/joc-slot/20-diamonds-demo,1,,0,,1,
google / organic,/joc-slot/20-golden-coins-demo,1,,0,,1,
google / organic,/joc-slot/30-spicy-fruits-gratis,2,,0,,2,
google / organic,/joc-slot/40-lucky-king-gratis,1,,0,,1,
google / organic,/joc-slot/40-super-hot-bell-link-demo,1,-0.6666666666666666,0,,1,-0.6666666666666666
google / organic,/joc-slot/50-amazons-battle-gratis,1,,0,,1,
google / organic,/joc-slot/50-horses-gratis,1,,0,,1,
google / organic,/joc-slot/amazons-battle-gratis,1,,0,,1,
google / organic,/joc-slot/american-poker-2-gratis,7,2.5,0,,19,5.333333333333333
google / organic,/joc-slot/apex-wizard-gratis,1,0,0,,1,0
google / organic,/joc-slot/batman-gratis,1,,0,,1,
google / organic,/joc-slot/big-bass-baboiu-din-delta-demo,1,,0,,1,
google / organic,/joc-slot/big-bass-splash-gratis,1,,0,,1,
google / organic,/joc-slot/bit-bass-velea-mr-bit,3,-0.5714285714285714,0,-1,3,-0.6666666666666666
google / organic,/joc-slot/book-of-magic-gratis,1,,0,,1,
google / organic,/joc-slot/book-of-ra-deluxe-10-gratis,1,,0,,1,
google / organic,/joc-slot/book-of-ra-temple-of-gold-gratis,1,,0,,1,
google / organic,/joc-slot/brick-house-bonanza,1,-0.6666666666666666,0,,1,-0.6666666666666666
google / organic,/joc-slot/burning-hot-bell-link-demo,1,,0,,1,
google / organic,/joc-slot/burning-hot-clover-chance-demo,1,0,0,,1,0
google / organic,/joc-slot/candy-palace-demo,1,,0,,2,
google / organic,/joc-slot/columbus-deluxe-gratis,1,0,0,,1,0
google / organic,/joc-slot/crazy-monkey-gratis,2,-0.3333333333333333,0,,2,-0.3333333333333333
google / organic,/joc-slot/dark-queen-gratis,1,,0,,1,
google / organic,/joc-slot/dog-house-gratis,1,-0.5,0,,1,-0.5
google / organic,/joc-slot/dog-house-multihold-gratis,1,,0,,1,
google / organic,/joc-slot/easter-frog-gratis,3,,0,,4,
google / organic,/joc-slot/euphoria-gratis,1,0,0,,1,0
google / organic,/joc-slot/extra-stars-gratis,1,,0,,2,
google / organic,/joc-slot/eye-of-horus-megaways-gratis,3,0.5,0,,3,0.5
google / organic,/joc-slot/flaming-hot-extreme-bell-link,4,0.3333333333333333,0,,5,0.25
google / organic,/joc-slot/flaming-hot-gratis,2,1,0,,4,3
google / organic,/joc-slot/fruit-cocktail-2-gratis,1,-0.6666666666666666,0,,2,-0.6666666666666666
google / organic,/joc-slot/fruit-cocktail-gratis,2,1,0,,3,2
google / organic,/joc-slot/fruits-n-fire-gratis,1,,0,,1,
google / organic,/joc-slot/gems-bonanza,2,,0,,2,
google / organic,/joc-slot/gold-of-ra-demo,2,1,0,,2,1
google / organic,/joc-slot/gorilla-gratis,1,,0,,1,
google / organic,/joc-slot/hot-to-burn-gratis,1,,0,,1,
google / organic,/joc-slot/jewels-4-all-gratis,3,-0.625,0,,3,-0.625
google / organic,/joc-slot/jokers-luck-gratis,1,-0.5,0,,1,-0.5
google / organic,/joc-slot/jungle-gorilla-gratis,1,,0,,1,
google / organic,/joc-slot/legend-of-the-golden-monkey-gratis,1,0,0,,1,0
google / organic,/joc-slot/lucky-wild-gratis,1,,0,,1,
google / organic,/joc-slot/master-joker-gratis,1,,0,,1,
google / organic,/joc-slot/mega-joker-gratis,1,0,0,,1,0
google / organic,/joc-slot/miami-bici-gratis,1,0,0,,1,0
google / organic,/joc-slot/more-lucky-and-wild-demo,1,0,0,,1,0
google / organic,/joc-slot/orca-gratis,1,,0,,1,
google / organic,/joc-slot/peaky-blinders-gratis,1,0,0,,1,0
google / organic,/joc-slot/penguin-style-gratis,3,-0.5,0,-1,3,-0.5
google / organic,/joc-slot/phoenix-inferno-gratis,1,,0,,1,
google / organic,/joc-slot/plenty-on-twenty-gratis,1,,0,,1,
google / organic,/joc-slot/power-stars-gratis,1,,0,,1,
google / organic,/joc-slot/return-of-kong-megaways-gratis,2,,0,,2,
google / organic,/joc-slot/rise-of-ra-gratis,1,,0,,1,
google / organic,/joc-slot/roulette-diamond-gratis,2,,0,,2,
google / organic,/joc-slot/ruler-of-egypt-gratis,1,,0,,2,
google / organic,/joc-slot/san-quentin-demo,2,0,0,,3,0.5
google / organic,/joc-slot/secret-of-christmas-gratis,1,0,0,,1,0
google / organic,/joc-slot/sharky-gratis,1,0,0,,1,0
google / organic,/joc-slot/shining-crown-bell-link-demo,4,1,0,,4,1
google / organic,/joc-slot/shining-crown-gratis,7,2.5,0,,7,2.5
google / organic,/joc-slot/sizzling-hot-deluxe-gratis,1,-0.75,0,,1,-0.8
google / organic,/joc-slot/sugar-rush-gratis,1,-0.75,0,,1,-0.8571428571428571
google / organic,/joc-slot/sweet-bonanza-gratis,2,1,0,,2,1
google / organic,/joc-slot/the-catfather-gratis,1,,0,,1,
google / organic,/joc-slot/the-ruby-megaways-demo,1,,0,,1,
google / organic,/joc-slot/ultimate-hot-gratis,1,0,0,,1,0
google / organic,/joc-slot/ultra-hot-deluxe-gratis,1,,0,,2,
google / organic,/joc-slot/vampire-night-gratis,1,,0,,1,
google / organic,/joc-slot/zodiac-wheel-gratis,1,,0,,1,
google / organic,/jocuri/pacanele-gratis/page/2,2,,0,,2,
google / organic,/jocuri/poker-gratis,3,2,0,,3,2
google / organic,/jocuri/sloturi-clasice/page/2,1,,0,,1,
google / organic,/jocuri/sloturi-fructe,8,-0.3333333333333333,0,-1,10,-0.16666666666666666
google / organic,/jocuri/sloturi-fructe/page/2,1,,0,,3,
google / organic,/jocuri/sloturi-noi,1,,0,,1,
google / organic,/jocuri/sloturi-speciale,2,-0.7142857142857143,0,,2,-0.8181818181818182
google / organic,/licenta,2,-0.7142857142857143,0,-1,2,-0.7142857142857143
google / organic,/loto-austria,2,-0.3333333333333333,0,,2,-0.6
google / organic,/loto-danemarca,1,-0.8333333333333334,0,,1,-0.8333333333333334
google / organic,/loto-finlanda,9,2,0,,11,2.6666666666666665
google / organic,/loto-germania,6,5,0,,6,5
google / organic,/loto-letonia,9,0.8,0,,10,1
google / organic,/loto-pennsylvania,13,0,0,,14,-0.17647058823529413
google / organic,/loto-polonia,13,0.18181818181818182,0,-1,16,0.45454545454545453
google / organic,/loto-spania,6,-0.14285714285714285,0,,6,-0.14285714285714285
google / organic,/loto-uk,11,0.375,0,,13,0.3
google / organic,/luck-casino,2,-0.6666666666666666,0,-1,2,-0.6666666666666666
google / organic,/m-top-cazino-online,1,0,0,,3,2
google / organic,/magnumbet,3,-0.5,0,-1,3,-0.5714285714285714
google / organic,/maxbet-casino,2,-0.5,0,,2,-0.5
google / organic,/metode-contact-casino,3,-0.25,0,-1,3,-0.25
google / organic,/mr-play,2,0,0,,2,0
google / organic,/network-cookie,1,,0,,1,
google / organic,/noutati/fondul-cinematografic-casino,6,,0,,6,
google / organic,/noutati/onjn-jocuri-corecte,5,,0,,5,
google / organic,/noutati/stiri-casino-singapore,5,,0,,5,
google / organic,/pariuri-eurovision,6,,0,,6,
google / organic,/pariuriplus-casino,2,1,0,,2,1
google / organic,/paste-2026-o,10,1.5,0,,12,1.4
google / organic,/paste-2026-p,25,,0,,33,
google / organic,/pokerstars-casino,1,-0.5,0,-1,1,-0.5
google / organic,/privacy-statement-eu,1,,0,,1,
google / organic,/producator/egt/page/2,7,1.3333333333333333,0,,12,3
google / organic,/producator/igrosoft,1,0,0,,1,0
google / organic,/producator/lady-luck-games,1,,0,,1,
google / organic,/producator/nextgengaming,1,,0,,1,
google / organic,/producator/novomatic,5,4,0,,5,4
google / organic,/producator/stakelogic,1,,0,,1,
google / organic,/promotii-valentines-day,2,0,0,,2,-0.6
google / organic,/promotions/welcome-bonus,1,,0,,1,
google / organic,/prowin-casino,1,-0.5,0,,2,0
google / organic,/ro/jocuri-pacanele-online/ageofthegodswheelsofolympus_playtechgameslink,1,,0,,1,
google / organic,/ro/jocuri-pacanele-online/christmasspin_spinoro,1,,0,,1,
google / organic,/ro/jocuri-pacanele-online/evo-rng-fruitshop_evolutiongaming,1,,0,,1,
google / organic,/ro/jocuri-pacanele-online/money5_fazi,1,,0,,1,
google / organic,/ro/promo-detalii/misiunea-greentube-2811,1,,0,,1,
google / organic,/royal-slots,1,-0.75,0,-1,1,-0.75
google / organic,/sali-de-jocuri,5,1.5,0,-1,5,1.5
google / organic,/sitemap,2,1,0,,3,2
google / organic,/slotv-casino,6,2,0,,10,4
google / organic,/superbet-casino,3,0.5,0,,3,0.5
google / organic,/swiper-casino,2,-0.875,0,-1,3,-0.8125
google / organic,/t/bonus-fara-depunere/page/2,5,1.5,0,,5,1.5
google / organic,/t/bonus-fara-depunere/page/3,4,,0,,4,
google / organic,/t/shining-crown,3,-0.25,0,-1,3,-0.25
google / organic,/testimoniale,1,,0,,1,
google / organic,/topbet-casino,1,-0.9166666666666666,0,-1,1,-0.9166666666666666
google / organic,/ultrabet,3,-0.25,0,,3,-0.25
google / organic,/winner-casino,4,0.3333333333333333,0,-1,4,0.3333333333333333
qwant.com / organic,/blog/888-bonus-fara-depunere,2,,0,,2,
qwant.com / organic,/blog/agentii-betmen,1,,0,,2,
qwant.com / organic,/blog/agentii-stanleybet,2,,0,,2,
qwant.com / organic,/blog/agentii-superbet,2,,0,,2,
qwant.com / organic,/blog/bonusbet-casino-bonus-fara-depunere,1,,0,,1,
qwant.com / organic,/blog/elite-slots-bonus-fara-depunere,1,,0,,1,
qwant.com / organic,/blog/maxbet-bonus-fara-depunere,1,0,0,-1,1,0
qwant.com / organic,/blog/reguli-activity,1,,0,,1,
qwant.com / organic,/blog/superbet-contact,2,,0,,3,
qwant.com / organic,/blog/vivabet-bonus-fara-depunere,1,,0,,1,
qwant.com / organic,/rotiri-fara-depunere-ex,1,0,0,,2,1
yahoo / organic,/blog/betmen-pariuri-sportive,1,,0,,1,
yahoo / organic,/blog/cont-zinx,1,,0,,1,
yahoo / organic,/blog/seriale-turcesti,1,-0.6666666666666666,0,,1,-0.6666666666666666
bing / organic,/blog/12xbet-bonus-fara-depunere,1,,0,,1,